<?xml version="1.0" encoding="UTF-8"?>
<install version="1.5" type="plugin" group="content">
	<name>pure css tooltip</name>
	<author>Carsten Engel</author>
	<creationDate>september 2008</creationDate>
	<copyright>(C) 2008 Carsten Engel. All rights reserved.</copyright>
	<license>http://www.gnu.org/copyleft/gpl.html GNU/GPL</license>
	<authorEmail>-</authorEmail>
	<authorUrl>www.joomlapi.com</authorUrl>
	<version>1.0.1</version>
	<description>
	   plugin to display a pure css tooltip. syntax in editor: {tooltip}link{end-link}tooltip{end-tooltip}. Don't forget to ENABLE this plugin. You can edit the css in /plugins/content/purecsstooltip.css.
	</description>   	
	<files>
		<filename plugin="purecsstooltip">purecsstooltip.php</filename>
		<filename plugin="purecsstooltip">purecsstooltip.css</filename>
	</files>	
</install>