<?xml version="1.0" encoding="utf-8"?>
<!-- $Id$ -->
<install type="component" version="1.5.0" method="upgrade">
	<name>Lexicon</name>
	<author>Rob Schley</author>
	<copyright>Copyright (C) 2008 Rob Schley. All rights reserved.</copyright>
	<creationDate>December 2008</creationDate>
	<license>GNU General Public License</license>
	<authorEmail>rob.schley@webimagery.net</authorEmail>
	<authorUrl>http://webimagery.net/</authorUrl>
	<version>1.0.0 Alpha</version>
    <description>Lexicon Component</description>

	<install>
		<sql>
			<file charset="utf8" driver="mysql">install/installsql.mysql.utf8.php</file>
		</sql>
	</install>

	<uninstall>
		<sql>
			<file charset="utf8" driver="mysql">install/uninstallsql.mysql.utf8.php</file>
		</sql>
	</uninstall>

	<administration>
       <menu link="option=com_lexicon" img="components/com_lexicon/media/images/icon.png">Lexicon</menu>

		<languages folder="language">
			<language tag="en-GB">en-GB/en-GB.com_lexicon.ini</language>
		</languages>

		<files>
			<file>controller.php</file>
			<file>index.html</file>
			<file>lexicon.php</file>

			<folder>controllers</folder>
			<folder>helpers</folder>
			<folder>install</folder>
			<folder>media</folder>
			<folder>models</folder>
			<folder>tables</folder>
			<folder>views</folder>
		</files>
	</administration>

    <params />
</install>